first_name,last_name,email,birthdate
Octavia,Cayton,ocayton0@ameblo.jp,1992/07/05
Reynolds,Dewane,rdewane1@biblegateway.com,1995/12/02
Kissiah,Domengue,kdomengue2@bizjournals.com,1994/08/15
Avrit,Hue,ahue3@princeton.edu,2007/03/30
Geordie,Goult,ggoult4@google.co.uk,2005/07/07
Dix,Files,dfiles5@ning.com,1996/12/13
Orelee,Luetkemeyers,oluetkemeyers6@is.gd,2004/01/24
Domingo,Henstone,dhenstone7@joomla.org,1994/07/05
Pamela,Durand,pdurand8@woothemes.com,2006/08/05
Marianne,Aimson,maimson9@jimdo.com,1990/09/25
Ailbert,Ladds,aladdsa@ask.com,1993/07/09
Letty,Jedraszek,ljedraszekb@irs.gov,2002/10/30
Josie,Duggan,jdugganc@1688.com,1995/04/23
Herman,Bannon,hbannond@hatena.ne.jp,2003/10/23
Edin,La Vigne,elavignee@webs.com,1996/10/23
Frazer,Sparke,fsparkef@multiply.com,2000/10/22
Bondie,Crozier,bcrozierg@weebly.com,1990/11/12
Xena,Yellowley,xyellowleyh@purevolume.com,2005/11/03
Emily,Ivankin,eivankini@vistaprint.com,2001/03/26
Ingra,Boord,iboordj@canalblog.com,1993/06/11
Benjy,Flagg,bflaggk@netvibes.com,2009/07/21
Kaycee,Hindrich,khindrichl@bloomberg.com,1989/11/22
Susi,Varfalameev,svarfalameevm@biblegateway.com,1999/08/25
Hersh,Stoppe,hstoppen@youku.com,2008/02/15
Ferdinanda,Yashnov,fyashnovo@samsung.com,2004/02/28
Herve,Hallut,hhallutp@ustream.tv,2005/02/24
Cobbie,Trusler,ctruslerq@nifty.com,2002/05/10
Randi,Kuhwald,rkuhwaldr@example.com,2001/08/11
Georgine,Ranstead,gransteads@list-manage.com,1995/08/08
Melisa,Heatly,mheatlyt@theatlantic.com,1997/02/18
Aurie,Hurrell,ahurrellu@github.io,1995/10/30
Lynnea,Newell,lnewellv@state.tx.us,1994/12/23
Trumann,Jerman,tjermanw@sciencedirect.com,2004/06/09
Shandie,Yearby,syearbyx@printfriendly.com,1996/07/09
Ailey,Bernadon,abernadony@umn.edu,1998/05/07
Averil,Hartrick,ahartrickz@alexa.com,2007/09/17
Ida,Betjes,ibetjes10@biglobe.ne.jp,2004/12/13
Vasili,Koop,vkoop11@independent.co.uk,1997/05/02
Clair,Blundel,cblundel12@soundcloud.com,1996/12/19
Othilia,Randerson,oranderson13@sun.com,1992/07/21
Margeaux,Grannell,mgrannell14@reddit.com,2000/01/31
Deck,Ker,dker15@abc.net.au,2007/12/18
Caitrin,Honatsch,chonatsch16@hao123.com,1989/06/03
Duky,Feldhuhn,dfeldhuhn17@baidu.com,1998/09/02
Ellswerth,Josephs,ejosephs18@nps.gov,2009/10/28
Gustaf,Sired,gsired19@patch.com,1993/06/19
Leslie,Hugk,lhugk1a@topsy.com,2006/06/18
Matthus,De Metz,mdemetz1b@stanford.edu,1995/09/18
Shea,Vlasov,svlasov1c@bizjournals.com,1995/03/15
Dominic,Alves,dalves1d@tiny.cc,2001/03/02
Stanislaw,Renne,srenne1e@mit.edu,1990/04/28
Jaquith,Spadaro,jspadaro1f@whitehouse.gov,1993/07/31
Janeta,Wyleman,jwyleman1g@unesco.org,2000/09/28
Susie,Vossing,svossing1h@topsy.com,1997/12/08
Mair,Luthwood,mluthwood1i@symantec.com,2000/04/02
Talbot,Snookes,tsnookes1j@4shared.com,1992/05/23
Mortimer,Crighten,mcrighten1k@devhub.com,1996/11/09
Bryn,McSparran,bmcsparran1l@wordpress.org,1990/01/03
Minni,Dallimore,mdallimore1m@netvibes.com,2002/12/12
Emelyne,Kingsnode,ekingsnode1n@ucoz.ru,2007/05/09
Ashlen,Flawith,aflawith1o@jimdo.com,1990/01/15
Dilly,MacFarlane,dmacfarlane1p@bloglovin.com,1993/01/08
Ailis,Fairley,afairley1q@ow.ly,2002/10/23
Codee,MacWilliam,cmacwilliam1r@live.com,1993/04/11
Moira,Keinrat,mkeinrat1s@bloglines.com,2004/04/18
Lonnard,Doble,ldoble1t@amazon.de,1999/01/02
Magdalene,Gregine,mgregine1u@newsvine.com,1990/07/05
Rianon,Noraway,rnoraway1v@sphinn.com,2001/04/18
Glynn,Searjeant,gsearjeant1w@flavors.me,2007/03/04
Adair,Boutcher,aboutcher1x@tmall.com,1999/07/31
Papageno,Arlett,parlett1y@stanford.edu,1993/04/17
Al,Stolli,astolli1z@cafepress.com,1996/06/04
Iolande,Klein,iklein20@360.cn,1991/04/20
Carolynn,Levecque,clevecque21@hc360.com,1999/04/12
Donn,Rens,drens22@shutterfly.com,2009/11/08
Lida,Izen,lizen23@weather.com,2006/07/29
Tobin,Sucre,tsucre24@google.co.jp,1991/09/19
Hope,Farlham,hfarlham25@utexas.edu,1997/08/24
Dalis,Wildman,dwildman26@mashable.com,2006/02/06
Elmore,Rye,erye27@themeforest.net,2004/08/29
Thayne,Chandlar,tchandlar28@uol.com.br,2008/05/03
Urban,Yeldon,uyeldon29@spotify.com,1994/03/17
Brigit,Lyston,blyston2a@godaddy.com,2004/03/13
Rivkah,Glashby,rglashby2b@moonfruit.com,1990/04/08
Itch,Fliege,ifliege2c@homestead.com,1991/07/02
Alexina,Kalderon,akalderon2d@surveymonkey.com,1991/08/21
Diarmid,Fishlock,dfishlock2e@usda.gov,1998/01/07
Britta,Dunabie,bdunabie2f@last.fm,1996/07/14
Jilleen,Weeden,jweeden2g@surveymonkey.com,2009/04/01
Thia,Stowte,tstowte2h@edublogs.org,2004/08/10
Hillie,Meyer,hmeyer2i@over-blog.com,2000/01/06
Cheston,Linscott,clinscott2j@taobao.com,1992/08/19
Heriberto,Ellcome,hellcome2k@wufoo.com,1994/03/06
Aaron,Meharry,ameharry2l@sbwire.com,1998/05/27
Roxanne,Rodmell,rrodmell2m@hhs.gov,1995/07/24
Devy,Nazer,dnazer2n@msu.edu,2007/08/26
Tabbitha,Yukhnov,tyukhnov2o@histats.com,2006/08/18
Newton,Vedishchev,nvedishchev2p@scientificamerican.com,1993/07/30
Bernadene,Heaney,bheaney2q@umich.edu,2005/12/06
Kassia,More,kmore2r@uiuc.edu,1994/07/20
Bronson,Ashmore,bashmore0@oakley.com,2008/09/01
Charlean,Krzyzaniak,ckrzyzaniak1@unc.edu,2000/03/29
Bendite,Marsh,bmarsh2@nytimes.com,2009/05/10
Justine,Stud,jstud3@msu.edu,2001/01/22
Kalle,Arrighini,karrighini4@devhub.com,1995/09/13
Merle,Buckney,mbuckney5@ibm.com,1998/04/07
Simone,Lavers,slavers6@mashable.com,1990/10/26
Ritchie,Matteucci,rmatteucci7@xrea.com,1994/01/21
Monti,Zorn,mzorn8@bing.com,2003/05/26
Ulrikaumeko,Dacey,udacey9@bravesites.com,1993/01/05
Janek,Elener,jelenera@livejournal.com,1990/10/31
Forrester,Carse,fcarseb@psu.edu,1994/07/11
Ingram,Wilder,iwilderc@upenn.edu,1993/08/22
Verena,Hanmer,vhanmerd@geocities.jp,2003/05/11
Matelda,Cheater,mcheatere@state.gov,1998/04/26
Roderick,Loughren,rloughrenf@goo.ne.jp,2002/12/30
Jourdain,Cowey,jcoweyg@miibeian.gov.cn,1990/01/05
Junette,Mangin,jmanginh@amazon.co.uk,1991/04/22
Jody,Colin,jcolini@gravatar.com,1995/06/03
Rivalee,Danbrook,rdanbrookj@ucsd.edu,1990/05/05
Augustus,Hellicar,ahellicark@google.com,1999/10/12
Mandel,Andreasen,mandreasenl@si.edu,1997/07/22
Shermy,Jubb,sjubbm@washingtonpost.com,1990/07/22
Griff,Webbe,gwebben@multiply.com,1993/11/12
Shandie,Lenoir,slenoiro@elpais.com,2007/11/17
Inna,Skirvin,iskirvinp@timesonline.co.uk,1993/04/22
Griffin,Bartolijn,gbartolijnq@domainmarket.com,2006/09/06
Fabian,Reveland,frevelandr@woothemes.com,2001/08/24
Bernadene,Brockie,bbrockies@google.com,1996/02/24
Trev,Kamiyama,tkamiyamat@apache.org,1993/02/08
Sharon,Radcliffe,sradcliffeu@netscape.com,2000/11/26
Orin,McGeffen,omcgeffenv@about.me,1995/07/22
Cole,Stenson,cstensonw@webmd.com,2002/11/28
Alistair,Butten,abuttenx@state.tx.us,2007/09/02
Bax,Bayle,bbayley@dagondesign.com,1989/06/25
Gisele,Eborall,geborallz@google.pl,1992/06/28
Ivie,Gwillym,igwillym10@fotki.com,1993/09/10
Barrett,Dilloway,bdilloway11@apache.org,1991/03/24
Alfie,Cumes,acumes12@trellian.com,2007/03/27
Basile,Wemyss,bwemyss13@quantcast.com,1995/07/06
Shanta,Vecard,svecard14@reference.com,1990/12/07
Son,Finlay,sfinlay15@mozilla.com,2008/12/01
Adora,Hastilow,ahastilow16@odnoklassniki.ru,1995/04/16
Clara,Riglesford,criglesford17@yelp.com,2001/08/10
Terencio,Gramer,tgramer18@privacy.gov.au,2008/07/03
Gib,Watkins,gwatkins19@typepad.com,2009/08/01
Britt,Murie,bmurie1a@csmonitor.com,2008/03/08
Bette-ann,Daynter,bdaynter1b@howstuffworks.com,1990/01/04
Zia,Chadburn,zchadburn1c@forbes.com,1997/10/05
Yoshi,Whorf,ywhorf1d@typepad.com,2008/09/24
Franky,Sheardown,fsheardown1e@symantec.com,1994/06/28
Terra,Eversfield,teversfield1f@senate.gov,2000/04/09
Ashley,Ilyasov,ailyasov1g@sciencedirect.com,2000/01/15
Rey,Keating,rkeating1h@marketwatch.com,2003/03/25
Carmelia,Gegg,cgegg1i@discovery.com,1999/03/17
Agatha,Salthouse,asalthouse1j@sohu.com,1989/08/31
Darelle,Grattage,dgrattage1k@purevolume.com,1993/01/21
Mollee,Ambrogio,mambrogio1l@army.mil,2005/01/28
Selina,Laying,slaying1m@java.com,1995/02/03
Lynelle,Bool,lbool1n@oakley.com,2007/09/06
Kimberly,Tolchard,ktolchard1o@shop-pro.jp,1998/08/20
Pam,Rojahn,projahn1p@wix.com,1999/12/02
Johanna,Blaydes,jblaydes1q@princeton.edu,1992/04/16
Sashenka,Campes,scampes1r@flickr.com,1997/04/23
Tasha,Clemmens,tclemmens1s@google.ru,1990/08/02
Janifer,Lockery,jlockery1t@desdev.cn,1990/12/02
Cathleen,Harradine,charradine1u@facebook.com,2003/05/11
Isadora,Hawtrey,ihawtrey1v@sbwire.com,1994/06/29
Suzi,Snelgrove,ssnelgrove1w@washingtonpost.com,1999/10/23
Arlee,Conry,aconry1x@w3.org,1995/10/01
Zonnya,Rippingale,zrippingale1y@free.fr,1991/02/05
Odella,Creffield,ocreffield1z@hubpages.com,2000/03/19
Trevor,Piscopiello,tpiscopiello20@slideshare.net,1995/04/30
Kristien,Cartmer,kcartmer21@aol.com,1996/11/16
Celesta,Anespie,canespie22@nps.gov,2000/09/14
Brice,Smallwood,bsmallwood23@google.es,1989/01/16
Charil,Housen,chousen24@umn.edu,2009/08/03
Hillard,Carloni,hcarloni25@altervista.org,1998/03/22
Muhammad,Vicioso,mvicioso26@com.com,2008/05/12
Zora,Schneidau,zschneidau27@mtv.com,1996/03/21
Dolli,Tillett,dtillett28@cnbc.com,1992/07/11
Elnore,Stokell,estokell29@jimdo.com,2008/02/28
Dilan,Sarchwell,dsarchwell2a@ocn.ne.jp,2002/05/13
Penny,Lappine,plappine2b@howstuffworks.com,2005/11/19
Skipp,Wildgoose,swildgoose2c@cbsnews.com,1995/10/08
Atalanta,Di Pietro,adipietro2d@spiegel.de,2002/02/28
Grace,Widger,gwidger2e@mysql.com,2007/05/14
Reagen,Leppo,rleppo2f@businessweek.com,2005/06/28
Teddi,Poyzer,tpoyzer2g@hhs.gov,1990/08/08
Rosalynd,Dearden,rdearden2h@bloomberg.com,1999/06/26
Lilla,Hedling,lhedling2i@paypal.com,1995/06/18
Philippine,Graben,pgraben2j@mysql.com,2006/02/11
Baudoin,Oboy,boboy2k@rambler.ru,1989/09/22
Fiorenze,Chatterton,fchatterton2l@prnewswire.com,2006/02/14
Roi,Muzzi,rmuzzi2m@dmoz.org,1999/08/30
Bondon,Hutcheson,bhutcheson2n@dot.gov,1995/12/04
Kit,Laneham,klaneham2o@time.com,2005/05/05
Rosemary,Dowe,rdowe2p@digg.com,2006/06/20
Gabriellia,Krause,gkrause2q@imageshack.us,2009/11/30
Glendon,Lagde,glagde2r@ifeng.com,1999/05/11
Cherise,Lewty,clewty0@icio.us,1992/03/18
Corey,Carine,ccarine1@ezinearticles.com,2002/11/20
Ira,Sangster,isangster2@canalblog.com,1998/10/22
Astrix,Kerwick,akerwick3@bing.com,1992/10/21
Kenny,Escala,kescala4@nyu.edu,1999/12/03
Andris,Kubach,akubach5@nydailynews.com,1994/03/04
Berthe,Gavaran,bgavaran6@shop-pro.jp,2005/03/04
Normand,Bisson,nbisson7@oracle.com,1998/11/04
Alys,Jesty,ajesty8@dagondesign.com,1996/10/07
Uta,Caldron,ucaldron9@webs.com,2008/10/22
Francklyn,Ricardet,fricardeta@joomla.org,1990/05/04
Cacilia,Adolfson,cadolfsonb@webeden.co.uk,1991/01/10
Bernadene,Martinie,bmartiniec@state.gov,2004/01/30
Padgett,Thormann,pthormannd@webnode.com,1996/03/20
Edna,Robertis,erobertise@theguardian.com,2008/04/20
Judith,Youdell,jyoudellf@bbc.co.uk,1989/03/06
Caterina,Seary,csearyg@ehow.com,1991/02/16
Billye,Saddington,bsaddingtonh@ameblo.jp,1998/10/02
Brook,Pringell,bpringelli@nsw.gov.au,2003/11/28
Othilia,Fairholm,ofairholmj@discovery.com,2003/03/26
Darlene,Philpots,dphilpotsk@vistaprint.com,2006/02/12
Kennedy,Laherty,klahertyl@pagesperso-orange.fr,1993/01/04
Gabi,MacLeod,gmacleodm@army.mil,2000/11/22
Lanny,Rising,lrisingn@etsy.com,2000/09/16
Nyssa,Greening,ngreeningo@vkontakte.ru,2002/03/20
Stanley,Collabine,scollabinep@businesswire.com,1993/03/07
Leola,Whetton,lwhettonq@bbc.co.uk,2001/05/04
Beulah,Benes,bbenesr@deliciousdays.com,2002/11/07
Barthel,Stapylton,bstapyltons@skyrock.com,1995/02/03
Maritsa,Andree,mandreet@cdc.gov,2009/07/23
Jeanna,Tansill,jtansillu@privacy.gov.au,2001/04/15
Fenelia,Leindecker,fleindeckerv@whitehouse.gov,2003/01/16
Auguste,Folshom,afolshomw@mapquest.com,2000/09/07
Audrie,Miller,amillerx@blinklist.com,1995/12/08
Lanie,Squires,lsquiresy@google.com,1991/11/12
Laurette,Gherardesci,lgherardesciz@deliciousdays.com,2002/01/12
Herbie,Udale,hudale10@google.fr,1991/01/12
Ashlie,Row,arow11@artisteer.com,1990/07/23
Willis,Sackes,wsackes12@geocities.jp,1991/07/28
Stanley,Tonks,stonks13@hibu.com,1997/04/05
Haley,Scholfield,hscholfield14@desdev.cn,2009/11/20
Guglielmo,Shury,gshury15@taobao.com,2005/05/02
Lenore,Naile,lnaile16@360.cn,1995/12/13
Jacob,Youell,jyouell17@ask.com,2000/09/10
Shurlocke,Whorf,swhorf18@51.la,1994/09/10
Ogden,Cahn,ocahn19@unicef.org,1998/12/15
Shadow,Kitcatt,skitcatt1a@webmd.com,1994/09/26
Torre,Fechnie,tfechnie1b@zimbio.com,2004/02/02
Stavros,Trenholme,strenholme1c@google.ru,1989/01/09
Jakob,Ashingden,jashingden1d@live.com,2008/08/04
Billy,Viggers,bviggers1e@nytimes.com,2000/04/02
Peri,Fishburn,pfishburn1f@jimdo.com,1989/03/04
Trudi,Bowdon,tbowdon1g@slideshare.net,1991/11/16
Bucky,Tredinnick,btredinnick1h@sina.com.cn,2005/09/18
Farand,Dulton,fdulton1i@tinypic.com,2001/09/06
Eugenie,Denyagin,edenyagin1j@sciencedirect.com,1997/02/28
Cammy,Grunson,cgrunson1k@tripod.com,2001/01/19
Winnie,Dragon,wdragon1l@gizmodo.com,2000/08/04
Cami,Bum,cbum1m@wired.com,2001/12/11
Nat,Mix,nmix1n@paypal.com,2002/02/20
Maddalena,Franciottoi,mfranciottoi1o@mail.ru,1997/08/02
Shem,Davis,sdavis1p@icio.us,1997/11/30
Star,Pauletti,spauletti1q@webeden.co.uk,2006/08/23
Nadia,Danes,ndanes1r@github.io,1992/06/30
Mable,Bowie,mbowie1s@illinois.edu,2006/06/23
Inglebert,Tettersell,itettersell1t@sbwire.com,1998/01/04
Jaquenetta,Cane,jcane1u@studiopress.com,1993/09/11
Graham,Greenard,ggreenard1v@weebly.com,1993/12/26
Demetra,Cuniam,dcuniam1w@vistaprint.com,1996/12/24
Lanny,Franceschelli,lfranceschelli1x@deviantart.com,2006/07/16
Ondrea,Enoksson,oenoksson1y@bbc.co.uk,1996/01/08
Rosie,Bunting,rbunting1z@fastcompany.com,1996/01/12
Melli,Sissens,msissens20@google.co.uk,1995/12/26
Natalya,Drake,ndrake21@chronoengine.com,2001/05/07
Cymbre,Sulland,csulland22@illinois.edu,2008/07/18
Fiorenze,Mill,fmill23@ox.ac.uk,2003/05/19
Dietrich,Hemmingway,dhemmingway24@foxnews.com,1992/07/14
Corney,Saltrese,csaltrese25@jimdo.com,1992/05/06
Virgina,Tunnadine,vtunnadine26@java.com,2004/07/05
Hyacinthie,Sarvar,hsarvar27@theguardian.com,2000/09/05
Libbi,Smitten,lsmitten28@zimbio.com,2002/04/24
Emilee,Dumphry,edumphry29@weebly.com,1996/06/20
Nicoline,Brundall,nbrundall2a@dropbox.com,1998/07/20
Reggy,Paddington,rpaddington2b@google.it,1995/12/07
Ken,Innett,kinnett2c@latimes.com,2009/11/26
Rowland,Boord,rboord2d@webmd.com,2000/08/30
Enrica,Skellion,eskellion2e@dedecms.com,1997/07/03
Worth,Cheshir,wcheshir2f@zimbio.com,1989/08/24
Georas,Lamyman,glamyman2g@slate.com,2007/09/25
Reta,Givens,rgivens2h@dell.com,2003/06/28
Sebastian,Torry,storry2i@shutterfly.com,2006/05/19
Isa,O'Hone,iohone2j@yelp.com,1990/03/15
Barbey,Medley,bmedley2k@mediafire.com,2005/03/23
Miof mela,Densun,mdensun2l@symantec.com,1997/08/01
Beverie,Simoncelli,bsimoncelli2m@disqus.com,1992/05/26
Kathryne,Knivett,kknivett2n@nhs.uk,2008/07/10
Demetre,Sandeland,dsandeland2o@ted.com,1992/01/31
Caitlin,Stebbings,cstebbings2p@oaic.gov.au,1997/10/25
Tomi,Ketch,tketch2q@reuters.com,2003/11/03
Beth,Kabisch,bkabisch2r@bbb.org,2007/05/02
